INSERT INTO unidadeensino VALUES(0, 'Instituto de Matemática e Estatística', 'Rua do Matão', 1010) ON CONFLICT DO NOTHING;
INSERT INTO unidadeensino VALUES(1, 'Instituto de Física', 'Rua do Matão', 1371) ON CONFLICT DO NOTHING;
INSERT INTO unidadeensino VALUES(2, 'Instituto de Astronomia, Geofísica e Ciências Atmosféricas', 'Rua do Matão', 1226) ON CONFLICT DO NOTHING;
INSERT INTO unidadeensino VALUES(3, 'Faculdade de Arquitetura e Urbanismo', 'Rua do Lago', 876) ON CONFLICT DO NOTHING;
INSERT INTO unidadeensino VALUES(4, 'Faculdade de Filosofia, Letras e Ciências Humanas', 'Rua do Lago', 717) ON CONFLICT DO NOTHING;
INSERT INTO unidadeensino VALUES(5, 'Instituto Oceanográfico', 'Praça Oceanográfico', 191) ON CONFLICT DO NOTHING;
INSERT INTO unidadeensino VALUES(6, 'Escola Politécnica', 'Avenida Professor Luciano Gualberto', 380) ON CONFLICT DO NOTHING;
INSERT INTO unidadeensino VALUES(7, 'Instituto de Psicologia', 'Avenida Professor Mello Moraes', 1721) ON CONFLICT DO NOTHING;

INSERT INTO saladeestudos VALUES(0, '1A', 3, 1, 0, true, 0, 0) ON CONFLICT DO NOTHING;
INSERT INTO saladeestudos VALUES(1, '5A', 2, 1, 1, true, 0, 0) ON CONFLICT DO NOTHING;
INSERT INTO saladeestudos VALUES(2, '7A', 5, 3, 6, true, 1, 0) ON CONFLICT DO NOTHING;
INSERT INTO saladeestudos VALUES(3, '114', 3, 2, 4, false, 0, 1) ON CONFLICT DO NOTHING;
INSERT INTO saladeestudos VALUES(4, '119', 1, 1, 2, false, 0, 1) ON CONFLICT DO NOTHING;
INSERT INTO saladeestudos VALUES(5, '276', 4, 4, 5, true, 1, 1) ON CONFLICT DO NOTHING;
INSERT INTO saladeestudos VALUES(6, '277', 5, 4, 7, true, 0, 1) ON CONFLICT DO NOTHING;
INSERT INTO saladeestudos VALUES(7, 'A-04', 3, 3, 7, false, 1, 2) ON CONFLICT DO NOTHING;
INSERT INTO saladeestudos VALUES(8, 'A-06', 6, 4, 5, true, 0, 2) ON CONFLICT DO NOTHING;
INSERT INTO saladeestudos VALUES(9, 'D-02', 6, 5, 5, true, 0, 2) ON CONFLICT DO NOTHING;
INSERT INTO saladeestudos VALUES(10, '6-C', 2, 1, 3, true, 0, 3) ON CONFLICT DO NOTHING;
INSERT INTO saladeestudos VALUES(11, '7-C', 4, 3, 4, true, 1, 3) ON CONFLICT DO NOTHING;
INSERT INTO saladeestudos VALUES(12, '13-B', 1, 1, 3, true, 0, 3) ON CONFLICT DO NOTHING;
INSERT INTO saladeestudos VALUES(13, '2B', 3, 2, 3, false, 1, 4) ON CONFLICT DO NOTHING;
INSERT INTO saladeestudos VALUES(14, '5A', 2, 0, 3, true, 0, 4) ON CONFLICT DO NOTHING;
INSERT INTO saladeestudos VALUES(15, '7B', 5, 4, 7, true, 0, 4) ON CONFLICT DO NOTHING;
INSERT INTO saladeestudos VALUES(16, 'C-17', 3, 2, 4, true, 0, 5) ON CONFLICT DO NOTHING;
INSERT INTO saladeestudos VALUES(17, 'C-23', 6, 5, 6, true, 1, 5) ON CONFLICT DO NOTHING;
INSERT INTO saladeestudos VALUES(18, 'D-20', 5, 4, 7, true, 0, 5) ON CONFLICT DO NOTHING;
INSERT INTO saladeestudos VALUES(19, '127', 4, 4, 7, true, 0, 6) ON CONFLICT DO NOTHING;
INSERT INTO saladeestudos VALUES(20, '128', 2, 2, 5, false, 1, 6) ON CONFLICT DO NOTHING;
INSERT INTO saladeestudos VALUES(21, '144', 4, 3, 2, true, 0, 6) ON CONFLICT DO NOTHING;
INSERT INTO saladeestudos VALUES(22, '8-A', 5, 3, 3, true, 1, 7) ON CONFLICT DO NOTHING;
INSERT INTO saladeestudos VALUES(23, '8-B', 6, 4, 7, true, 0, 7) ON CONFLICT DO NOTHING;
INSERT INTO saladeestudos VALUES(24, '3-B', 3, 3, 3, false, 0, 7) ON CONFLICT DO NOTHING;

INSERT INTO usuario VALUES(11225698, 'José Cardoso Neto', null, 'joseneto@usp.br', 0, 'Ativo', 0, 1001, 0) ON CONFLICT DO NOTHING;
INSERT INTO usuario VALUES(89754613, 'Julia dos Santos Pereira', '11912345678', 'juliapereira@usp.br', 0, 'Ativo', 0, 10007, 1) ON CONFLICT DO NOTHING;
INSERT INTO usuario VALUES(78124549, 'Marcos Barbosa Oliveira', '11979187685', 'marcosoliveira@usp.br', 1, 'Ativo', 0, 1001, 0) ON CONFLICT DO NOTHING;
INSERT INTO usuario VALUES(12161816, 'Maria Silva de Sá', '11976186307', 'mariasa@usp.br', 0, 'Ativo', 1, 2013, 0) ON CONFLICT DO NOTHING;
INSERT INTO usuario VALUES(23456789, 'Luan da Conceição Silva', '11907964837', 'luansilva@usp.br', 1, 'Ativo', 1, 20006, 1) ON CONFLICT DO NOTHING;
INSERT INTO usuario VALUES(785461, 'Matheus Souza', null, 'matheussouza@usp.br', 0, 'Ativo', 2, 3013, 0) ON CONFLICT DO NOTHING;
INSERT INTO usuario VALUES(12345678, 'Fulano', null, 'fulano@usp.br', 0, 'Inativo', 2, 300004, 3) ON CONFLICT DO NOTHING;
INSERT INTO usuario VALUES(12341516, 'Pamella Castro Correia', '11906359033', 'pamellacorreia@usp.br', 1, 'Ativo', 3, 4006, 0) ON CONFLICT DO NOTHING;
INSERT INTO usuario VALUES(19756484, 'Marta Ribeiro Rocha', '11964105932', 'martarocha@usp.br', 0, 'Ativo', 4, 50016, 1) ON CONFLICT DO NOTHING;
INSERT INTO usuario VALUES(11256973, 'Lucas Souza Teixeira', '11978619727', 'lucasteixeira@usp.br', 0, 'Ativo', 4, 5027, 0) ON CONFLICT DO NOTHING;
INSERT INTO usuario VALUES(13125467, 'Miguel Ferreira de Castro', null, 'miguelcastro@usp.br', 0, 'Ativo', 5, 6006, 0) ON CONFLICT DO NOTHING;
INSERT INTO usuario VALUES(12486789, 'Vitor Serafim Morais', '11964125034', 'vitormorais@usp.br', 0, 'Ativo', 5, 6006, 0) ON CONFLICT DO NOTHING;
INSERT INTO usuario VALUES(13469284, 'Juventino Magalhães', '11904465406', 'juventinomagalhaes@usp.br', 1, 'Ativo', 6, 70027, 1) ON CONFLICT DO NOTHING;
INSERT INTO usuario VALUES(16327498, 'Mariana Serra Azevedo', null, 'marianaazevedo@usp.br', 0, 'Ativo', 6, 7008, 0) ON CONFLICT DO NOTHING;
INSERT INTO usuario VALUES(8754216, 'Luana Guimarães Souza', '11927182818', 'luanasouza@usp.br', 1, 'Ativo', 7, 8017, 0) ON CONFLICT DO NOTHING;
INSERT INTO usuario VALUES(7524315, 'Isabela Fontes Silva', '11914142135', 'isabelasilva@usp.br', 0, 'Ativo', 7, 800005, 2) ON CONFLICT DO NOTHING;

INSERT INTO comentario VALUES(11225698, 1, 'A sala é boa', '2022-06-16') ON CONFLICT DO NOTHING;
INSERT INTO comentario VALUES(11225698, 0, 'Só acho que deveria ter mais tomadas nessa sala', '2021-11-07') ON CONFLICT DO NOTHING;
INSERT INTO comentario VALUES(11225698, 15, 'A ventilação é ótima', '2022-04-12') ON CONFLICT DO NOTHING;
INSERT INTO comentario VALUES(78124549, 0, 'Não tem ventilação nenhuma mesmo, horrível', '2019-09-22') ON CONFLICT DO NOTHING;
INSERT INTO comentario VALUES(78124549, 19, 'A sala aqui do lado está em obras, então tinha muito barulho, melhor esperar terminar antes de usar essa sala', '2022-06-10') ON CONFLICT DO NOTHING;
INSERT INTO comentario VALUES(12161816, 7, 'Não tem lousa', '2017-10-19') ON CONFLICT DO NOTHING;
INSERT INTO comentario VALUES(12161816, 5, 'É boa', '2019-02-28') ON CONFLICT DO NOTHING;
INSERT INTO comentario VALUES(23456789, 4, 'Boa pra estudar sozinho', '2018-05-31') ON CONFLICT DO NOTHING;
INSERT INTO comentario VALUES(23456789, 4, 'O ar condicionado não está funcionando, tem que usar o ventilador', '2022-04-03') ON CONFLICT DO NOTHING;
INSERT INTO comentario VALUES(23456789, 23, 'Ventilação boa e sala espaçosa, dá pra fazer sessões de estudo com muitas pessoas', '2019-09-26') ON CONFLICT DO NOTHING;
INSERT INTO comentario VALUES(23456789, 17, 'Está precisando de uma reforma', '2022-03-22') ON CONFLICT DO NOTHING;
INSERT INTO comentario VALUES(785461, 8, 'Não é das melhores', '2016-09-20') ON CONFLICT DO NOTHING;
INSERT INTO comentario VALUES(785461, 15, 'Essa é boa', '2016-10-09') ON CONFLICT DO NOTHING;
INSERT INTO comentario VALUES(12341516, 12, 'Melhor sala pra estudos individuais', '2018-06-12') ON CONFLICT DO NOTHING;
INSERT INTO comentario VALUES(12341516, 14, 'Não tem tomada...', '2022-05-16') ON CONFLICT DO NOTHING;
INSERT INTO comentario VALUES(12341516, 10, 'Achei o ventilador muito fraco', '2019-08-14') ON CONFLICT DO NOTHING;
INSERT INTO comentario VALUES(12341516, 2, 'Não tem janela mas o ar condicionado é bom', '2019-09-09') ON CONFLICT DO NOTHING;
INSERT INTO comentario VALUES(19756484, 14, 'Essa sala é bem ruim', '2022-03-27') ON CONFLICT DO NOTHING;
INSERT INTO comentario VALUES(19756484, 4, 'Pena que não tem janela e o ar condicionado não funciona', '2022-04-06') ON CONFLICT DO NOTHING;
INSERT INTO comentario VALUES(19756484, 9, 'Queria que todas as salas fossem assim', '2022-04-06') ON CONFLICT DO NOTHING;
INSERT INTO comentario VALUES(11256973, 13, 'É tranquila mas precisa de umas reformas', '2022-05-02') ON CONFLICT DO NOTHING;
INSERT INTO comentario VALUES(11256973, 8, 'Já vi melhores', '2020-02-28') ON CONFLICT DO NOTHING;
INSERT INTO comentario VALUES(13125467, 16, 'Muito barulho', '2017-10-17') ON CONFLICT DO NOTHING;
INSERT INTO comentario VALUES(13125467, 18, 'Ótima', '2015-03-25') ON CONFLICT DO NOTHING;
INSERT INTO comentario VALUES(13125467, 18, 'Já era boa, depois da reforma ficou melhor ainda', '2018-08-06') ON CONFLICT DO NOTHING;
INSERT INTO comentario VALUES(13125467, 21, 'Sem condições', '2016-07-01') ON CONFLICT DO NOTHING;
INSERT INTO comentario VALUES(13469284, 0, 'Só uma tomada, sem ar, ventilador ou janela...', '2018-04-29') ON CONFLICT DO NOTHING;
INSERT INTO comentario VALUES(13469284, 20, 'É boa, só não tem lousa', '2019-08-07') ON CONFLICT DO NOTHING;
INSERT INTO comentario VALUES(13469284, 19, 'Ótima, vou voltar sempre', '2017-11-21') ON CONFLICT DO NOTHING;
INSERT INTO comentario VALUES(16327498, 20, 'Não sabia que não tinha lousa', '2018-06-17') ON CONFLICT DO NOTHING;
INSERT INTO comentario VALUES(16327498, 8, 'Já vi piores', '2017-04-09') ON CONFLICT DO NOTHING;
INSERT INTO comentario VALUES(8754216, 24, 'Não tem lousa mas é boa', '2022-05-11') ON CONFLICT DO NOTHING;
INSERT INTO comentario VALUES(7524315, 23, 'A sala do lado tá em obras então tem um pouco de barulho', '2022-06-12') ON CONFLICT DO NOTHING;
INSERT INTO comentario VALUES(7524315, 22, 'É boa', '2018-09-20') ON CONFLICT DO NOTHING;
INSERT INTO comentario VALUES(7524315, 3, 'O ar condicionado não estava funcionando quando eu fui', '2019-11-04') ON CONFLICT DO NOTHING;
INSERT INTO comentario VALUES(12345678, 11, 'Até que foi boa', '2014-03-07') ON CONFLICT DO NOTHING;
